Job ID,Job URL,Job Title,Company Name,Status,Timestamp,WP ID
03534ac3c7918088,https://sy.linkedin.com/jobs/view/compensation-benefit-officer-at-confectionary-development-industrial-company-%E2%80%93-katakit-4436989279,Compensation & Benefit Officer,,scraped,2026-07-07T12:22:39.145441,
045e6bb52875224c,https://sy.linkedin.com/jobs/view/engineering-manager-at-toters-delivery-4435539702,Engineering Manager,,scraped,2026-07-07T12:22:49.755526,
64381325cd8e3c7e,https://sy.linkedin.com/jobs/view/writer-at-ffmas33-r%C3%A9seau-des-assistants-et-office-manager-de-nouvelle-aquitaine-depuis-1995-4437137690,Writer,FFMAS33 Réseau des assistants et Office Manager de Nouvelle Aquitaine  depuis 1995,posted,2026-07-07T12:23:17.924654,21
8f1d5d4c694d1053,https://sy.linkedin.com/jobs/view/chief-flight-instructor-at-intercontinental-aviation-academy-4437159701,Chief Flight Instructor,,scraped,2026-07-07T12:23:20.468358,
480a7118231a284f,https://sy.linkedin.com/jobs/view/secretary-and-tender-officer-at-masoud-est-for-medical-scientific-supplies-4437169169,Secretary and Tender Officer,Masoud Est. For Medical & Scientific Supplies,posted,2026-07-07T12:23:35.933543,23
9626563b66770f50,https://sy.linkedin.com/jobs/view/key-account-manager-retail-at-bella-coffee-4433934644,Key Account Manager - Retail,Bella Coffee,posted,2026-07-07T12:23:57.254573,25
5fb01654171cd4b3,https://sy.linkedin.com/jobs/view/sql-database-integration-developer-at-remotya-4437102057,SQL Database & Integration Developer,Remotya,posted,2026-07-07T12:24:13.023014,27
b0027fdc00185273,https://sy.linkedin.com/jobs/view/%D8%A3%D8%AE%D8%B5%D8%A7%D8%A6%D9%8A-%D8%AA%D8%B3%D9%84%D9%8A%D9%85-%D8%A7%D9%84%D8%B3%D9%8A%D8%A7%D8%B1%D8%A7%D8%AA-%D8%A7%D9%84%D8%AC%D8%AF%D9%8A%D8%AF%D8%A9-%D9%88%D8%A5%D8%AF%D8%A7%D8%B1%D8%A9-%D8%A7%D9%84%D9%85%D8%AE%D8%B2%D9%88%D9%86-at-rakhaa-trading-4433928039,أخصائي تسليم السيارات الجديدة وإدارة المخزون,RAKHAA Trading,posted,2026-07-07T12:24:28.110970,29
c5d975b38511e568,https://sy.linkedin.com/jobs/view/b2b-sales-director-at-homecuz-4434508478,B2B Sales Director,,scraped,2026-07-07T12:24:30.703018,
29c446729b6f856b,https://sy.linkedin.com/jobs/view/%D9%85%D8%AF%D9%8A%D8%B1-%D9%85%D8%A8%D9%8A%D8%B9%D8%A7%D8%AA-at-takwen-4398818460,مدير مبيعات,Takwen,posted,2026-07-07T12:24:48.389589,31
bd13317713d7126f,https://sy.linkedin.com/jobs/view/hse-country-manager-at-linked4hr-4438154654,HSE Country Manager,,scraped,2026-07-08T07:19:16.277009,
5d6828b518769935,https://sy.linkedin.com/jobs/view/director-of-operations-%E2%80%93-f-b-at-confidential-4435545202,Director of Operations – F&B,Confidential,posted,2026-07-08T07:19:39.116431,43
f4b2f04b8c6cbe57,https://sy.linkedin.com/jobs/view/senior-quantity-surveyor-at-ucc-holding-4438205718,Senior Quantity Surveyor,,scraped,2026-07-09T11:28:20.354768,
a903d172af956e36,https://sy.linkedin.com/jobs/view/monitoring-evaluation-accountability-and-learning-meal-coordinator-at-chemonics-uk-4437378891,Monitoring Evaluation Accountability and Learning (MEAL) Coordinator,Chemonics UK,posted,2026-07-09T11:28:41.966418,45
5a7d4c9e01334cac,https://sy.linkedin.com/jobs/view/monitoring-evaluation-research-and-learning-merl-manager-at-chemonics-uk-4437378858,"Monitoring, Evaluation, Research and Learning (MERL) Manager",Chemonics UK,posted,2026-07-09T11:28:55.619641,47
5eb82d4f52ae19dc,https://sy.linkedin.com/jobs/view/regional-marketing-manager-at-staffarabia-4438199278,Regional Marketing Manager,staffarabia,posted,2026-07-09T11:29:14.469586,49
d85aa20e4604e642,https://sy.linkedin.com/jobs/view/trainer-osp-and-fiber-damascus-based-at-norconsult-telematics-4438187401,Trainer - OSP and Fiber/ Damascus Based,,scraped,2026-07-09T11:29:17.280456,
33b1d6c409297bd2,https://sy.linkedin.com/jobs/view/partner-growth-%E2%80%93-software-quality-enterprise-solutions-at-testcrew-quality-engineering-software-testing-4436051350,Partner Growth – Software Quality & Enterprise Solutions,,scraped,2026-07-09T11:29:25.741321,
68ae0cfcbc93273e,https://sy.linkedin.com/jobs/view/data-labeler-video-annotation-specialist-%E2%80%94-human-movement-at-rehabitaire-4438620841,Data Labeler / Video Annotation Specialist — Human Movement,,scraped,2026-07-09T18:36:10.525408,
e2d252ccf6d2ccfa,https://sy.linkedin.com/jobs/view/hosted-buyer-manager-at-evex-events-4438645774,Hosted Buyer Manager,,scraped,2026-07-09T18:36:24.293063,
ffebebccced17fe2,https://sy.linkedin.com/jobs/view/human-resources-manager-at-syrian-investment-authority-%D9%87%D9%8A%D8%A6%D8%A9-%D8%A7%D9%84%D8%A7%D8%B3%D8%AA%D8%AB%D9%85%D8%A7%D8%B1-%D8%A7%D9%84%D8%B3%D9%88%D8%B1%D9%8A%D8%A9-4439045218,Human Resources Manager,Syrian Investment Authority | هيئة الاستثمار السورية,posted,2026-07-10T18:09:46.665903,51
9bfa1ae844474533,https://sy.linkedin.com/jobs/view/technical-support-engineer-syria-at-solax-power-4438593061,Technical Support Engineer-Syria,,scraped,2026-07-11T11:39:40.721088,
28c63fe21d5b1fc9,https://sy.linkedin.com/jobs/view/senior-human-resources-business-partner-at-ucc-holding-4439728650,Senior Human Resources Business Partner,,scraped,2026-07-12T15:41:23.717234,
911362253afd2967,https://sy.linkedin.com/jobs/view/senior-mep-manager-at-ucc-holding-4439725872,Senior MEP Manager,,scraped,2026-07-12T15:41:30.498263,
ca7aa89e487626e8,https://sy.linkedin.com/jobs/view/senior-mep-technical-manager-at-ucc-holding-4439746015,Senior MEP Technical Manager,,scraped,2026-07-12T15:41:37.114881,
71d06e987ea3414c,https://sy.linkedin.com/jobs/view/senior-quality-assurance-quality-control-engineer-at-ucc-holding-4439729712,Senior Quality Assurance Quality Control Engineer,,scraped,2026-07-12T15:41:43.541816,
670f3cc6cdb063de,https://sy.linkedin.com/jobs/view/mobile-equipment-host-4437221250,Mobile Equipment Host,PPH,failed|wp_post_failed,2026-07-14T12:50:28.381885,
5569eb4dbccae101,https://sy.linkedin.com/jobs/view/bim-manager-at-ucc-holding-4439743041,BIM Manager,,scraped,2026-07-14T12:50:30.965806,
3534d130191ddf25,https://sy.linkedin.com/jobs/view/network-qos-specialist-at-azurreo-4440042101,Network QoS Specialist,,scraped,2026-07-14T12:50:45.635706,
fb2e4e261ba89bbb,https://sy.linkedin.com/jobs/view/senior-procurement-officer-at-assets-group-4439740227,Senior Procurement Officer,,scraped,2026-07-14T12:50:52.437181,
6c9ad42ff1ceb750,https://sy.linkedin.com/jobs/view/business-development-manager-%E2%80%93-enterprise-solutions-at-testcrew-quality-engineering-software-testing-4439755236,Business Development Manager – Enterprise Solutions,,scraped,2026-07-14T12:50:59.016192,
09d9921e95a372d7,https://sy.linkedin.com/jobs/view/human-resources-director-at-ucc-holding-4439713949,Human Resources Director,,scraped,2026-07-14T12:51:07.543660,
51f54800d6999745,https://sy.linkedin.com/jobs/view/doctor-at-ucc-holding-4440046746,Doctor,,scraped,2026-07-14T12:51:13.952753,
2b0e8f4484824d4a,https://sy.linkedin.com/jobs/view/financial-systems-specialist-at-paymera-4440558447,Financial Systems Specialist,Paymera,posted,2026-07-14T17:53:01.882012,53
59d4352a355c7d08,https://sy.linkedin.com/jobs/view/senior-planning-manager-at-ucc-holding-4440547633,Senior Planning Manager,,scraped,2026-07-14T21:34:01.076730,
41b4ad5b1ac9158c,https://sy.linkedin.com/jobs/view/senior-surveyor-at-ucc-holding-4439725914,Senior Surveyor,,scraped,2026-07-15T13:02:40.982039,
56862d17a7414a1f,https://sy.linkedin.com/jobs/view/accountant-at-movement-on-the-ground-4437676360,Accountant,Movement On The Ground,posted,2026-07-15T13:03:16.372901,55
a28844c242e4f03c,https://sy.linkedin.com/jobs/view/technical-manager-at-oneeighty-marketing-events-4439798862,Technical Manager,,scraped,2026-07-15T13:03:19.033088,
b033dfecca165aa6,https://sy.linkedin.com/jobs/view/contract-specialist-damascus-based-at-norconsult-telematics-4441431653,Contract Specialist - Damascus based,Norconsult Telematics,posted,2026-07-16T13:10:27.496779,57
b63260c5c91e4a04,https://sy.linkedin.com/jobs/view/media-buyer-at-imtilak-group-4438709383,Media Buyer,Imtilak Group,posted,2026-07-16T13:10:37.422262,59
0cea14b1de5b67af,https://sy.linkedin.com/jobs/view/people-and-culture-manager-at-chemonics-uk-4440264735,People and Culture Manager,Chemonics UK,posted,2026-07-16T13:10:52.879018,61
0c60d14924d41ac5,https://sy.linkedin.com/jobs/view/administrator-timekeeper-at-ucc-holding-4441461409,Administrator / Timekeeper,,scraped,2026-07-16T13:10:55.489049,
5a7fe963aeb38505,https://sy.linkedin.com/jobs/view/executive-director-airport-construction-at-confidential-4441437943,Executive Director - Airport Construction,Confidential,posted,2026-07-16T13:11:09.735656,63
28507e7176a933f5,https://sy.linkedin.com/jobs/view/senior-business-development-manager-at-auxsol-solar-4438498098,Senior Business Development Manager,,scraped,2026-07-16T13:11:12.342715,
b1d3383ac32edf99,https://sy.linkedin.com/jobs/view/%D8%A7%D9%84%D8%B4%D8%A7%D8%BA%D8%B1-%D8%A7%D9%84%D9%88%D8%B8%D9%8A%D9%81%D9%8A-%D8%A3%D8%AE%D8%B5%D8%A7%D8%A6%D9%8A-%D8%AC%D8%B1%D8%A7%D8%AD%D8%A9-%D8%A7%D9%84%D9%81%D9%85-%D9%88%D8%B2%D8%B1%D8%A7%D8%B9%D8%A9-%D8%A7%D9%84%D8%A3%D8%B3%D9%86%D8%A7%D9%86-at-daoob-recruiting-agency-4438704874,الشاغر الوظيفي: أخصائي جراحة الفم وزراعة الأسنان,,scraped,2026-07-16T13:11:25.667332,
5a978fd9b7202cee,https://sy.linkedin.com/jobs/view/liaison-officer-at-emergency-ong-ets-4441476676,Liaison Officer,,scraped,2026-07-16T21:47:40.369456,
3f052a713d9e688f,https://sy.linkedin.com/jobs/view/marketing-coordinator-at-dipndip-4438729267,Marketing Coordinator,dipndip,posted,2026-07-17T21:10:38.884801,65
edf9270ae6d2b614,https://sy.linkedin.com/jobs/view/commercial-manager-at-alhafez-%D8%A7%D9%84%D8%AD%D8%A7%D9%81%D8%B8-4441719713,Commercial Manager,Alhafez  الحافظ,posted,2026-07-18T15:36:33.408095,67
bfcedacd01231d3a,https://sy.linkedin.com/jobs/view/program-director-at-blumont-inc-4442100162,Program Director,"Blumont, Inc.",posted,2026-07-18T22:37:34.493075,69
40ed534e2d8b8bd7,https://sy.linkedin.com/jobs/view/financial-systems-specialist-at-remotya-4439676098,Financial Systems Specialist,Remotya,posted,2026-07-19T08:04:25.005489,53
ab18aeb683e8af82,https://sy.linkedin.com/jobs/view/brand-manager-4442517066,Brand Manager,Elegant Automotive LLC,posted,2026-07-19T08:04:35.341679,71
2781657c5bf235de,https://sy.linkedin.com/jobs/view/materials-specialist-at-norconsult-telematics-4442524309,Materials Specialist,Norconsult Telematics,posted,2026-07-19T11:42:07.322752,73
1be13a5eb4bf03ba,https://sy.linkedin.com/jobs/view/land-surveyor-at-ucc-holding-4442519358,Land Surveyor,,scraped,2026-07-19T11:42:09.873620,
adc417d1ee13673c,https://sy.linkedin.com/jobs/view/after-sales-service-engineer-at-must-energy-group-4442706514,After Sales Service Engineer,,scraped,2026-07-20T16:10:45.853170,
ae4057be37ebc16a,https://sy.linkedin.com/jobs/view/system-analyst-at-right-code-4443351113,System Analyst,,scraped,2026-07-21T13:10:21.692405,
69d42a96b1504467,https://sy.linkedin.com/jobs/view/surveyor-at-ucc-holding-4443790782,Surveyor,,scraped,2026-07-22T16:01:57.561595,
d3b3740d3de5dc7c,https://sy.linkedin.com/jobs/view/research-and-mrel-data-specialist-at-in2-4440161569,Research and MREL Data Specialist,,scraped,2026-07-22T20:23:08.929901,
78767b5d38704fc2,https://sy.linkedin.com/jobs/view/senior-estimator-at-ucc-holding-4444282871,Senior Estimator,,scraped,2026-07-23T07:49:48.884178,
cbb3ac6bd0bdeb29,https://sy.linkedin.com/jobs/view/seo-content-specialist-at-sham-almustaqbal-technologies-l-l-c-4440425204,SEO & Content Specialist,,scraped,2026-07-23T07:50:11.746268,
bf8a7abcc1f62fb1,https://sy.linkedin.com/jobs/view/automation-aiops-lead-at-norconsult-telematics-4442581314,Automation & AIOps Lead,,scraped,2026-07-23T13:21:04.902461,
e6b7480d5dd7aef6,https://sy.linkedin.com/jobs/view/social-media-officer-at-remotya-4443754686,Social Media Officer,Remotya,posted,2026-07-23T13:21:30.644665,75
3caf91a7050f20eb,https://sy.linkedin.com/jobs/view/quality-assurance-tester-at-maxbound-4441550974,Quality Assurance Tester,Maxbound,failed|wp_post_failed,2026-07-23T23:21:23.920997,
f6b5dfcbeefd01bb,https://sy.linkedin.com/jobs/view/social-media-manager-at-in2-4444307794,Social Media Manager,,scraped,2026-07-25T11:58:03.884157,
ebd632d27beb1be6,https://sy.linkedin.com/jobs/view/secretary-4443989931,Secretary,Global Vision Contractors,posted,2026-07-26T07:49:58.159752,77
9c753f8624ce9ba5,https://sy.linkedin.com/jobs/view/qc-inspector-%E2%80%93-csa-at-norconsult-telematics-4442579633,QC Inspector – CSA,Norconsult Telematics,posted,2026-07-26T11:57:59.728017,79
d683d172c14d403f,https://sy.linkedin.com/jobs/view/project-manager-%E2%80%93-real-estate-development-at-elite-human-resources-consultants-4442323129,Project Manager – Real Estate Development,,scraped,2026-07-27T18:03:46.794891,
65598fc167652042,https://sy.linkedin.com/jobs/view/group-marketing-manager-at-confidential-4445908854,Group Marketing Manager,Confidential,posted,2026-07-27T18:04:03.268031,81
78a9219371fef873,https://sy.linkedin.com/jobs/view/technical-facilities-program-manager-damascus-based-at-norconsult-telematics-4443919227,Technical Facilities Program Manager - Damascus Based,,scraped,2026-07-27T18:04:05.947970,
b37bb891776a05e3,https://sy.linkedin.com/jobs/view/senior-project-manager-at-takteek-l-digital-transformation-agency-4445398866,Senior Project Manager,Takteek l Digital Transformation Agency,posted,2026-07-27T18:04:23.496289,83
2df70d49780ef89b,https://sy.linkedin.com/jobs/view/finance-manager-real-estate-development-at-elite-human-resources-consultants-4442318280,Finance Manager - Real Estate Development,,scraped,2026-07-27T18:04:26.038234,
ac1bc0e40e52a407,https://sy.linkedin.com/jobs/view/marketing-business-growth-leder-at-genius-kids-4445961282,Marketing & Business growth leder,,scraped,2026-07-27T18:04:32.697556,
b3e05f14d34ed4a9,https://sy.linkedin.com/jobs/view/systems-administrator-at-age-for-exhibitions-and-conferences-4443247270,Systems Administrator,AGE for Exhibitions and Conferences,posted,2026-07-28T07:48:11.310437,85
d8cae14a61a83352,https://sy.linkedin.com/jobs/view/acceptance-handover-manager-damascus-based-at-norconsult-telematics-4445461947,Acceptance Handover Manager - Damascus Based,,scraped,2026-07-28T07:48:15.920262,
97f1853c3139b20b,https://sy.linkedin.com/jobs/view/technical-facilities-design-manager-damascus-based-at-norconsult-telematics-4445469730,Technical Facilities Design Manager - Damascus Based,,scraped,2026-07-28T07:48:29.763493,
76222efd031d75ce,https://sy.linkedin.com/jobs/view/financial-customer-support-specialist-at-nuummite-consulting-4443247134,Financial Customer Support Specialist,,scraped,2026-07-28T07:48:37.919470,
ffbb6ca3522d5d3f,https://sy.linkedin.com/jobs/view/supply-chain-officer-at-midas-furniture-4443241939,Supply Chain Officer,Midas Furniture,posted,2026-07-28T15:55:20.500814,87
65e9715cc1c26ca1,https://sy.linkedin.com/jobs/view/%D8%A7%D9%84%D8%B4%D8%A7%D8%BA%D8%B1-%D8%A7%D9%84%D9%88%D8%B8%D9%8A%D9%81%D9%8A-%D8%A3%D8%AE%D8%B5%D8%A7%D8%A6%D9%8A-%D8%AA%D9%82%D9%88%D9%8A%D9%85-%D8%A3%D8%B3%D9%86%D8%A7%D9%86-at-daoob-recruiting-agency-4443241764,الشاغر الوظيفي: أخصائي تقويم أسنان,,scraped,2026-07-28T20:41:01.772966,
e09ed27868643d91,https://sy.linkedin.com/jobs/view/senior-art-director-at-assets-group-4446570054,Senior Art Director,,scraped,2026-07-29T08:05:27.104615,
3fe4d62fd249f3aa,https://sy.linkedin.com/jobs/view/quantity-surveyor-at-ucc-holding-4446058604,Quantity Surveyor,,scraped,2026-07-29T16:03:22.686087,
b2c2306e9b616c82,https://sy.linkedin.com/jobs/view/business-development-director-at-power-international-holding-4446586040,Business Development Director,,scraped,2026-07-29T16:03:31.523321,
6080b75e8ace015b,https://sy.linkedin.com/jobs/view/job-vacancy-%E2%80%93-sales-agent-at-faster-luxury-car-rental-dubai-4444127644,Job Vacancy – Sales Agent,,scraped,2026-07-29T16:03:39.080691,
9a9d0737c94ea141,https://sy.linkedin.com/jobs/view/consultant-at-tandem-interim-4444109969,Consultant,,scraped,2026-07-29T16:03:51.567482,
fe3a96f973d54f54,https://sy.linkedin.com/jobs/view/lead-planner-at-ucc-holding-4445481149,Lead Planner,,scraped,2026-07-30T07:48:12.972104,
16629b2bc893f5ab,https://sy.linkedin.com/jobs/view/office-management-at-al-sabah-group-4444537511,Office Management,Al Sabah Group,posted,2026-07-30T07:49:04.955868,89
ea3564d5fedce93e,https://sy.linkedin.com/jobs/view/%D9%85%D9%88%D9%86%D8%AA%D9%8A%D8%B1-at-h%C3%BCrrem-sultan-yard%C4%B1mla%C5%9Fma-ve-dayan%C4%B1%C5%9Fma-vakf%C4%B1-4445008547,مونتير,Hürrem Sultan Yardımlaşma ve Dayanışma Vakfı,posted,2026-07-30T19:01:03.758548,91
af20a0e3746560ef,https://sy.linkedin.com/jobs/view/procurement-director-airport-epc-construction-at-ucc-holding-4445905977,Procurement Director - Airport EPC Construction,,scraped,2026-07-30T23:39:21.341139,
1d6880172a154227,https://sy.linkedin.com/jobs/view/mep-project-manager-at-ucc-holding-4445321644,MEP Project Manager,,scraped,2026-07-30T23:39:28.243463,
3f2aec8e64ee3bf4,https://sy.linkedin.com/jobs/view/core-network-design-manager-damascus-based-at-norconsult-telematics-4445719702,Core Network Design Manager - Damascus Based,,scraped,2026-07-30T23:39:35.013402,
099dc182ace65272,https://sy.linkedin.com/jobs/view/senior-planning-engineer-at-ucc-holding-4445922389,Senior Planning Engineer,,scraped,2026-07-30T23:39:43.864736,
d66187cb8ada017e,https://sy.linkedin.com/jobs/view/lead-architect-airport-epc-construction-at-ucc-holding-4445907960,Lead Architect - Airport EPC Construction,,scraped,2026-07-30T23:39:52.716778,
82f33ae69bcdb353,https://sy.linkedin.com/jobs/view/senior-mep-project-manager-aviations-telecom-system-airport-construction-at-ucc-holding-4445922860,Senior MEP Project Manager (Aviations / Telecom System) - Airport Construction,,scraped,2026-07-30T23:39:59.627000,
edc1107badb0a6a0,https://sy.linkedin.com/jobs/view/sales-manager-%E2%80%93-real-estate-development-at-elite-human-resources-consultants-4442325050,Sales Manager – Real Estate Development,,scraped,2026-07-30T23:40:06.644407,
614d4dd108287f34,https://sy.linkedin.com/jobs/view/ip-mpls-ixp-igw-designer-damascus-based-at-norconsult-telematics-4445472299,"IP/MPLS, IXP & IGW Designer - Damascus Based",,scraped,2026-07-30T23:40:14.113271,
49bfdaf1861853ce,https://sy.linkedin.com/jobs/view/human-resources-officer-at-faster-luxury-car-rental-dubai-4445084581,Human Resources Officer,,scraped,2026-07-31T10:08:26.316339,
2dc162e5025aba1f,https://sy.linkedin.com/jobs/view/talent-acquisition-specialist-at-ucc-holding-4447274217,Talent Acquisition Specialist,,scraped,2026-07-31T10:08:48.186361,
b7d5bcbb7cf33c7f,https://sy.linkedin.com/jobs/view/senior-cost-control-manager-airport-construction-at-ucc-holding-4445908912,Senior Cost Control Manager - Airport Construction,,scraped,2026-07-31T10:08:54.966776,
0ccac1f1483e4db0,https://sy.linkedin.com/jobs/view/cybersecurity-network-security-designer-damascus-based-at-norconsult-telematics-4445467868,Cybersecurity & Network Security Designer - Damascus Based,,scraped,2026-07-31T10:09:09.743102,
f2dde398ae20aed5,https://sy.linkedin.com/jobs/view/creative-strategy-communications-lead-at-coculture-e-v-4447532627,Creative Strategy & Communications Lead,,scraped,2026-07-31T17:20:58.906915,
ff1ee9561f5f45d4,https://sy.linkedin.com/jobs/view/project-implementation-manager-at-in2-4440159559,Project Implementation Manager,,scraped,2026-08-01T07:37:19.536061,
952c126266eb951b,https://sy.linkedin.com/jobs/view/hr-manager-real-estate-development-at-elite-human-resources-consultants-4445822776,HR Manager - Real Estate Development,,scraped,2026-08-02T11:48:07.972269,
a139cec40862ca22,https://sy.linkedin.com/jobs/view/cost-control-engineer-at-ucc-holding-4447881494,Cost Control Engineer,,scraped,2026-08-02T11:48:19.205467,
404d03d1472e66cc,https://sy.linkedin.com/jobs/view/ict-elv-security-designer-at-norconsult-telematics-4447894284,ICT / ELV / Security Designer,,scraped,2026-08-02T11:48:32.026922,
40008ef52b169787,https://sy.linkedin.com/jobs/view/mep-designer-at-norconsult-telematics-4447896120,MEP Designer,,scraped,2026-08-02T11:48:42.325589,
c39a354df21c5a0d,https://sy.linkedin.com/jobs/view/back-end-developer-damascus-at-wexcy-4447886923,Back End Developer - Damascus,Wexcy,posted,2026-08-02T20:18:22.850889,93
ac1ce9ab342079df,https://sy.linkedin.com/jobs/view/%D9%85%D8%AD%D8%A7%D8%B3%D8%A8-at-qatar-red-crescent-society-qrcs-4445825958,محاسب,Qatar Red Crescent Society (QRCS),posted,2026-08-02T22:59:53.039459,95
8884d0b598d81d47,https://sy.linkedin.com/jobs/view/senior-qualitative-researcher-reintegration-specialist-at-hermon-team-4446384492,Senior Qualitative Researcher / Reintegration Specialist,,scraped,2026-08-02T22:59:55.511126,
eb3b9a2cdb6ca713,https://sy.linkedin.com/jobs/view/estimation-and-tendering-manager-at-ucc-holding-4447889270,Estimation and Tendering Manager,,scraped,2026-08-02T23:00:01.850800,
5cfdde8fb5123389,https://sy.linkedin.com/jobs/view/site-quality-control-inspector-at-norconsult-telematics-4448152807,Site Quality Control Inspector,Norconsult Telematics,posted,2026-08-03T11:27:14.622368,97
8c06b9f4d12c2515,https://sy.linkedin.com/jobs/view/syria-hr-manager-at-tiryaki-agro-4448154272,Syria HR Manager,Tiryaki Agro,posted,2026-08-03T11:28:03.689576,99
fd4edc87ee8f10ef,https://sy.linkedin.com/jobs/view/administrative-assistant-at-bostani-4437601742,Administrative Assistant,,scraped,2026-08-03T11:28:14.206326,
846cc03225c6ff8b,https://sy.linkedin.com/jobs/view/senior-backend-engineer-php-at-toters-delivery-4446036430,Senior Backend Engineer (PHP),,scraped,2026-08-03T11:28:21.638411,
3a00498211e0bc3a,https://sy.linkedin.com/jobs/view/regional-field-supervisor-at-norconsult-telematics-4448166531,Regional Field Supervisor,Norconsult Telematics,posted,2026-08-03T11:28:48.227023,101
00547fc6d9fe9ac4,https://sy.linkedin.com/jobs/view/volunteer-at-syria-street-revival-4446096556,Volunteer,Syria Street Revival,posted,2026-08-03T23:03:49.741376,103
7a7a1999575918db,https://sy.linkedin.com/jobs/view/video-editor-at-diwan-4448169677,Video Editor,DIWAN,posted,2026-08-03T23:04:08.517585,105
8129bbe9518aab3b,https://sy.linkedin.com/jobs/view/tender-opportunity-for-supply-and-erection-of-66-20-kv-gis-indoor-substation-on-a-turn-key-basis-4448196443,Tender Opportunity For Supply And Erection Of 66/20 Kv Gis Indoor Substation On A Turn-Key Basis,M.K.H.CO,posted,2026-08-04T02:45:19.177324,107
3f43544ec01796c7,https://sy.linkedin.com/jobs/view/business-caf%C3%A9-supervisor-4447879716,Business café supervisor,Chapters Business Café,posted,2026-08-04T02:45:27.750635,109
8d8dbed757c1c6e1,https://sy.linkedin.com/jobs/view/education-and-protection-program-manager-at-ataa-relief-4446221948,Education And Protection Program Manager,,scraped,2026-08-04T02:45:38.116221,
